"","hs.1.","hs.2.","hl","ts.1.","ts.2.","p.1.","p.2.","p.3.","gamma","rho.1.","phi","delta.1.","delta.2.","delta.3.","delta.4.","L.1.","tau.1.","tau.2.","tau.3.","tau.4.","w.1.","lc.1.1.","lc.2.1.","lc.2.2.","lc.2.3.","lc.2.4.","alpha.1.","beta.1.","lc.3.1.","lc.3.2.","lc.3.3.","lc.3.4."
"9300",2.27812,4.35225,77.2859,-3.07834,0.429951,0.215887,0.283695,0.449493,0.419112,2.7685,0.269913,0.192161,0.378398,0.179485,0.153704,1.20521,1.01189,0.0739443,2.50161,1.14437,3.13834,4.89384,6.84639,7.2578,7.01184,5.77802,0.361311,0.281116,5.18723,5.59864,5.35268,4.11886
"10237",2.51828,4.57789,88.0038,-2.93624,-0.564848,0.238354,0.298792,0.470048,0.403398,2.65296,0.212499,0.233793,0.453776,0.163788,0.164434,0.812138,1.55086,2.53397,2.74362,0.162468,3.71228,4.96323,6.94738,7.28367,7.00306,6.3286,0.351852,0.300805,3.80582,4.14211,3.8615,3.18704
"14544",1.34414,3.92167,69.9106,-1.86503,1.10002,0.226608,0.303431,0.477924,0.428033,2.66141,0.239208,0.198694,0.366687,0.147544,0.137576,0.286014,1.47284,0.231443,1.16454,1.61246,2.70109,5.17772,6.65496,6.86941,6.84837,5.8597,0.488168,0.498721,4.71891,4.93336,4.91232,3.92365
"16186",1.8876,4.01552,56.6944,-2.50352,0.743989,0.225812,0.295753,0.46463,0.393949,2.68867,0.312574,0.223986,0.456937,0.17164,0.146449,0.496936,0.569211,1.13663,2.30613,0.189956,2.01962,5.10823,6.64466,6.87178,6.67439,5.75633,0.557819,0.5786,5.829243,6.056363,5.858973,4.940913
"10808",2.37824,4.72542,95.0843,-2.39558,0.148886,0.231065,0.280594,0.44904,0.440525,2.23136,0.24705,0.189376,0.490764,0.161153,0.101918,0.465899,0.797051,1.43948,3.67017,0.370636,3.26843,4.98269,7.03976,7.36412,6.96194,6.19611,0.36537,0.336811,5.60606,5.93042,5.52824,4.76241
"18926",1.62394,4.23487,66.8994,-2.35992,0.334611,0.223966,0.288318,0.453087,0.526747,2.58652,0.215064,0.206334,0.369268,0.164644,0.120897,1.00435,2.01937,0.721493,1.51877,0.940884,2.49336,4.94107,6.7709,6.99818,6.93633,5.99336,0.597361,0.442701,2.80588,3.03316,2.97131,2.02834
"16109",2.54052,4.32658,96.0796,-3.00605,-0.266287,0.216643,0.294497,0.465915,0.395842,2.54322,0.154185,0.175919,0.321388,0.167228,0.16519,0.894532,1.46591,0.822862,1.51644,0.650883,3.3166,4.94573,6.87733,7.28911,6.87135,6.50975,0.419829,0.280124,3.62773,4.03951,3.62175,3.26015
"19322",1.39121,4.46831,91.0252,-2.33706,1.066,0.239857,0.303473,0.489702,0.558015,2.3341,0.279292,0.231018,0.455082,0.189534,0.11754,1.6378,1.11049,0.641965,2.97261,1.51511,1.78152,4.45976,6.73082,6.86237,7.08255,5.91039,0.814557,0.800497,3.89243,4.02398,4.24416,3.072
"17025",2.02458,4.28065,75.6086,-1.15153,0.920593,0.221889,0.301416,0.475672,0.440181,2.54119,0.239662,0.221757,0.480071,0.200455,0.163199,1.25171,1.33995,0.864314,2.26444,1.54506,3.34108,4.64039,6.83874,7.21276,6.84527,6.1256,0.398811,0.325496,5.00216,5.37618,5.00869,4.28902
"4105",1.61957,4.36613,72.9416,-1.79829,0.514936,0.229258,0.296004,0.465971,0.400313,2.37788,0.172202,0.195476,0.363103,0.145212,0.151286,0.760617,1.57245,0.825841,1.3442,0.268132,3.34971,4.84009,6.7505,7.09883,6.82404,6.50395,0.376166,0.462818,6.606252,6.954582,6.679792,6.359702
"3159",1.85627,3.90825,68.7199,-2.95975,0.41294,0.228914,0.305929,0.481809,0.377969,2.36191,0.231963,0.175874,0.318621,0.143469,0.160696,0.760544,0.626679,0.577655,2.67339,0.656411,3.59375,5.0375,6.75494,7.08486,6.94255,6.10544,0.329638,0.377904,5.881976,6.211896,6.069586,5.232476
"7877",1.4625,3.75366,60.0603,-1.8404,1.19123,0.221729,0.294634,0.474626,0.351086,2.45852,0.323535,0.190523,0.47139,0.171051,0.111085,0.313657,0.961202,0.641665,1.36478,0.873699,3.15793,5.05757,6.70959,7.11669,6.66822,6.10158,0.311908,0.340066,2.0875,2.4946,2.04613,1.47949
"15280",1.50134,3.91655,55.9288,-2.06564,0.529835,0.229884,0.304934,0.462992,0.354603,2.03448,0.281699,0.229066,0.324383,0.189557,0.0811355,0.891891,1.47315,1.33219,1.25074,0.384201,2.42019,4.80301,6.69004,6.95138,7.1021,5.92273,0.608844,0.479282,5.49622,5.75756,5.90828,4.72891
"4404",1.87347,4.10018,95.8145,-1.60243,0.634611,0.235105,0.309003,0.484473,0.369677,2.53511,0.135705,0.235962,0.424629,0.158362,0.0988983,0.164093,0.345187,0.212909,1.44945,1.29452,3.33154,5.23162,6.90293,7.23521,6.9154,6.11105,0.425987,0.379833,-0.0857800000000007,0.2465,-0.0733100000000002,-0.877660000000001
"2029",1.98538,3.64934,76.2423,-2.86681,0.261172,0.22071,0.29619,0.462178,0.470319,2.33226,0.246937,0.180264,0.418176,0.146105,0.0581118,1.01051,1.82648,1.59528,2.51216,0.286199,1.58242,4.67213,6.8052,6.44251,6.55641,5.61177,0.809317,0.524169,6.680249,6.317559,6.431459,5.486819
"16536",2.58979,3.08755,91.7502,-2.55315,0.283371,0.219965,0.291887,0.447142,0.525931,2.64444,0.285541,0.125667,0.300786,0.138506,0.126847,1.37897,0.753237,0.383199,3.01543,0.675657,3.12357,4.75406,6.83203,7.09362,6.81618,6.48764,0.323149,0.304099,6.073713,6.335303,6.057863,5.729323
"4399",0.894716,3.80735,61.0314,-2.55447,0.864434,0.238575,0.292113,0.459619,0.459012,2.39025,0.130583,0.206672,0.434399,0.186479,0.0566478,0.572285,0.893978,1.67329,2.24795,0.67707,2.18138,5.03367,6.59212,6.82439,6.63585,6.1483,0.671288,0.689116,5.03039,5.26266,5.07412,4.58657
"1969",1.9556,3.03317,98.2083,-2.42392,0.15,0.244242,0.316945,0.529631,0.407138,2.88171,0.380894,0.220931,0.359433,0.122653,0.110968,1.04193,1.82095,0.333444,2.25153,0.467776,3.08106,4.96408,6.80376,7.06875,6.83263,6.34257,0.346347,0.383009,5.71819,5.98318,5.74706,5.257
"6536",0.501325,4.91427,82.5188,-2.71272,0.298374,0.222416,0.2861,0.43854,0.475194,2.45589,0.174489,0.200508,0.442534,0.191861,0.131688,0.582607,2.34686,2.81792,2.28078,1.66572,2.14096,5.38643,6.80949,6.97407,7.08539,6.23481,0.728174,0.49399,4.73826,4.90284,5.01416,4.16358
"6606",2.15688,4.34509,78.4906,-1.29301,0.867365,0.218113,0.282405,0.427934,0.515894,2.23511,0.221054,0.190647,0.411759,0.153526,0.159506,1.15192,0.543835,0.799106,2.1301,1.1319,1.73509,4.36458,6.54946,6.68536,6.78177,6.00171,0.529965,0.744456,6.243935,6.379835,6.476245,5.696185
"12326",1.90514,4.17947,94.5859,-1.73713,-0.428216,0.232551,0.304693,0.463608,0.453894,2.40003,0.201479,0.222429,0.394804,0.12879,0.139056,0.819792,0.913203,0.815372,3.04978,0.0279443,2.35956,4.8884,6.96046,6.99627,6.9458,6.39688,0.577349,0.519534,6.640229,6.676039,6.625569,6.076649
"3867",2.56374,4.57934,76.8598,-2.24359,0.229474,0.233573,0.296972,0.488617,0.434446,2.66356,0.243761,0.157315,0.379511,0.173216,0.221312,0.446491,0.382131,0.292347,2.82289,2.08812,1.98289,4.94869,6.87504,6.8655,6.68582,5.79875,0.522235,0.571548,6.357205,6.347665,6.167985,5.280915
"9741",2.63893,3.93133,94.2478,-2.01457,0.475037,0.226943,0.289993,0.452693,0.56128,2.33082,0.29741,0.176505,0.401153,0.125342,0.129598,0.475539,2.29783,2.21653,2.92133,0.228241,4.42271,4.9504,6.84896,7.33566,6.78127,6.37574,0.265157,0.327588,4.85378,5.34048,4.78609,4.38056
"18237",2.18844,4.21821,72.5442,-1.81115,1.40403,0.227451,0.308276,0.486867,0.502813,2.32143,0.262125,0.18605,0.414806,0.152557,0.166398,0.732573,1.72791,1.22122,1.72113,1.27362,3.50767,4.79998,6.79615,7.06553,6.93969,6.33773,0.36042,0.313258,4.62269,4.89207,4.76623,4.16427
"6004",1.6382,4.52326,79.0848,-2.29789,0.423029,0.229069,0.304889,0.475553,0.52303,2.40093,0.290792,0.17765,0.321034,0.149663,0.136094,0.160397,2.62703,0.831099,1.32283,0.250341,2.93257,5.24707,6.95889,6.98239,6.88088,6.03808,0.452663,0.514475,6.510743,6.534243,6.432733,5.589933
"13356",1.28776,4.78082,69.2487,-1.63727,1.05676,0.229453,0.299201,0.466848,0.368984,2.74365,0.303234,0.241415,0.377849,0.20079,0.0814751,1.28033,2.52316,1.12222,3.1166,1.01922,2.6556,4.73747,6.68071,7.01005,6.71229,6.59183,0.575027,0.506272,6.220267,6.549607,6.251847,6.131387
"10433",1.50579,4.89735,68.5405,-2.47998,-0.449894,0.228617,0.302264,0.480648,0.422969,2.55294,0.212014,0.237188,0.428308,0.176857,0.167093,2.02338,2.29746,0.142553,1.71977,2.42663,3.45682,4.74631,6.96825,7.31181,6.87683,5.8237,0.424529,0.395499,4.28845,4.63201,4.19703,3.1439
"18458",1.61547,3.62482,92.067,-1.55554,-0.67817,0.217306,0.284296,0.426578,0.520874,2.22455,0.254369,0.144174,0.371515,0.117695,0.132581,0.567895,0.775198,0.405179,1.02525,0.413964,2.93506,4.90253,6.84252,7.20999,6.88015,6.51111,0.284789,0.310917,4.71896,5.08643,4.75659,4.38755
"17676",1.92727,4.14904,62.7796,-2.57252,0.765486,0.233996,0.295311,0.460039,0.382924,2.24367,0.186566,0.160751,0.357338,0.12409,0.0560159,1.42934,0.826785,1.46151,1.41421,1.83945,2.92234,4.65023,6.70265,6.93241,6.82204,7.53132,0.323473,0.465407,3.45932,3.68908,3.57871,4.28799
"13057",2.51983,4.20881,58.2028,-3.12519,0.0403748,0.222334,0.296102,0.471804,0.399968,2.11752,0.265586,0.186389,0.436088,0.161981,0.0827858,0.323207,0.394854,2.32544,3.82205,0.993012,2.18571,4.87444,6.78375,6.8896,7.0402,5.98917,0.585796,0.481661,5.20981,5.31566,5.46626,4.41523
"7544",2.27746,4.78588,89.0382,-2.29591,0.977417,0.218733,0.287243,0.445301,0.608708,2.52056,0.216472,0.208324,0.391945,0.132736,0.10513,0.773596,0.837392,2.16424,2.15622,1.90625,2.2859,4.97738,6.8076,6.82584,6.93656,5.78868,0.555452,0.643103,6.208884,6.227124,6.337844,5.189964
"19662",1.58832,3.6297,66.219,-1.88377,0.906586,0.231723,0.294041,0.453288,0.505226,2.1917,0.272098,0.236295,0.418161,0.209367,0.0633641,0.921041,2.02632,0.758876,1.86728,0.354054,2.51824,4.77835,6.94485,6.96725,6.81552,5.86309,0.683166,0.381367,5.1494,5.1718,5.02007,4.06764
"18088",2.2123,5.72759,103.466,-2.3411,0.445568,0.230516,0.311362,0.470033,0.396868,2.09964,0.236145,0.17844,0.453011,0.183389,0.17524,1.33244,0.878745,0.428476,2.10061,0.680374,1.8909,4.58893,6.88596,6.81476,6.90476,5.75187,0.699152,0.63778,5.5486,5.4774,5.5674,4.41451
"19351",1.43528,4.72612,62.3515,-1.5206,-0.0954678,0.218534,0.291598,0.459484,0.439329,2.45017,0.336691,0.241124,0.328985,0.152099,0.0744367,1.0725,1.85343,1.98628,2.65452,0.146564,2.11467,4.60542,6.86343,6.74039,6.76001,5.96213,0.702344,0.726204,5.953311,5.830271,5.849891,5.052011
"8284",2.33656,4.77497,79.3264,-2.9082,0.941437,0.212301,0.277864,0.426368,0.527804,2.17505,0.185907,0.18326,0.357949,0.114581,0.110115,0.986113,1.27306,1.54765,2.57441,0.347582,1.44908,4.43168,6.6882,6.10839,6.7307,6.05036,0.679891,1.22865,5.980327,5.400517,6.022827,5.342487
"13519",1.5789,3.4663,58.9017,-2.16633,0.977693,0.216072,0.288164,0.435085,0.365464,2.25235,0.277432,0.177837,0.519443,0.24462,0.038783,0.883697,1.07057,1.18877,1.44203,1.05959,2.56457,4.77811,6.64881,7.04918,6.56522,6.24814,0.529669,0.538538,6.368415,6.768785,6.284825,5.967745
"14516",1.57697,4.19987,97.0476,-2.00422,-0.416688,0.236444,0.304845,0.483577,0.493034,2.43876,0.280819,0.236848,0.368385,0.159502,0.16336,0.518289,0.148722,0.646115,2.41835,0.457911,3.42703,5.11445,6.95746,7.24205,7.10837,6.1984,0.434261,0.437583,5.12775,5.41234,5.27866,4.36869
"5215",1.28047,4.09617,81.8433,-2.51104,-0.168052,0.220151,0.291645,0.466441,0.436548,2.69876,0.301064,0.209092,0.404487,0.210256,0.171313,0.319863,0.0285678,1.23198,1.38429,3.22197,2.76553,5.57951,6.84094,7.07122,6.88366,6.21177,0.657115,0.585895,6.305211,6.535491,6.347931,5.676041
"2574",2.33087,4.67008,81.5241,-1.90178,0.269584,0.222459,0.299184,0.465044,0.453574,2.44956,0.257882,0.205051,0.403885,0.177084,0.0602589,0.63128,0.373851,0.173253,2.01895,0.0123495,2.42444,4.7807,6.73938,6.926,6.87714,6.38078,0.381643,0.527345,3.51716,3.70378,3.65492,3.15856
"79",1.68839,3.97953,73.1374,-1.33984,-0.555174,0.22483,0.297681,0.463239,0.387876,2.32314,0.337243,0.207224,0.42048,0.177849,0.130359,0.251292,1.28855,0.188673,1.49036,0.73857,3.50747,5.02521,6.8493,7.163,6.86977,6.24437,0.305899,0.404529,2.1989,2.5126,2.21937,1.59397
"5775",1.61854,4.48892,84.817,-1.68303,0.662621,0.226633,0.289726,0.438265,0.326718,2.24873,0.315243,0.156983,0.393323,0.129609,0.0862804,0.203931,0.188785,1.82865,2.26181,1.74608,2.19033,5.15789,6.66607,6.9303,6.87043,6.38824,0.323042,0.639346,0.66776,0.93199,0.87212,0.38993
"1233",1.53362,3.37175,72.8093,-2.30217,0.811562,0.218633,0.290876,0.441149,0.423188,2.2538,0.199344,0.171043,0.428789,0.153751,0.181577,0.490775,1.58434,1.36698,2.7576,0.212956,3.25466,4.94787,6.64308,7.0529,6.76565,6.0007,0.360382,0.484715,6.503336,6.913156,6.625906,5.860956
"18965",1.37066,4.42706,87.4493,-2.55513,0.97747,0.228591,0.295089,0.462939,0.490906,2.4869,0.300104,0.179355,0.371808,0.133663,0.103912,0.448869,1.1708,0.749863,0.596254,0.247984,2.22754,5.17498,6.59462,6.80704,6.84048,5.87152,0.357014,0.550313,6.255908,6.468328,6.501768,5.532808
"17866",2.81248,4.69194,71.0082,-2.64077,-0.215893,0.220064,0.282378,0.440187,0.626906,2.52897,0.237311,0.221765,0.373616,0.148486,0.155684,2.03072,1.86079,1.74605,1.93507,1.53108,1.86321,4.28733,6.78247,6.77252,6.78401,6.14388,0.594181,0.495352,6.681903,6.671953,6.683443,6.043313
"5862",2.19801,3.90265,61.3834,-2.93456,-0.505319,0.239284,0.307911,0.486782,0.506646,2.56126,0.256412,0.221904,0.349522,0.190515,0.140669,0.0179929,1.48488,0.750807,2.26277,0.556046,2.89931,5.5255,6.85269,6.92344,7.05025,6.22417,0.620833,0.773762,3.82362,3.89437,4.02118,3.1951
"853",1.75482,4.58441,55.1825,-2.58725,-0.180011,0.225844,0.313145,0.483958,0.467555,2.6681,0.302648,0.213385,0.422541,0.180555,0.241347,1.43796,1.08125,2.07583,1.26579,0.644484,2.6826,4.73438,6.89303,6.92271,7.028,5.88585,0.551812,0.552567,5.78536,5.81504,5.92033,4.77818
"5426",1.52411,4.31803,95.7576,-1.78955,-0.650499,0.228668,0.316371,0.508946,0.457698,2.59541,0.302866,0.227135,0.477841,0.189468,0.209097,0.0988961,0.319025,0.437704,2.31854,1.7257,3.3015,5.48896,6.96649,7.24755,7.05499,6.30472,0.466158,0.32289,5.17211,5.45317,5.26061,4.51034
"2953",1.5631,4.07603,65.6735,-2.88659,0.0376363,0.223823,0.305107,0.480706,0.483347,2.71974,0.233412,0.199619,0.441063,0.133211,0.11069,0.303256,1.50217,1.92155,2.83174,1.01696,2.3888,5.25354,6.68374,6.90657,6.95701,6.07201,0.573348,0.421272,6.479165,6.701995,6.752435,5.867435
"12156",1.64186,3.48291,70.8166,-2.30716,1.08069,0.220357,0.289768,0.444593,0.376983,2.18782,0.176302,0.145177,0.382096,0.137048,0.134147,0.78132,0.942228,0.759928,3.85952,0.953768,2.46331,4.81312,6.72091,6.8484,6.58144,6.03648,0.393479,0.350164,5.66891,5.7964,5.52944,4.98448
"12750",2.45931,3.41926,84.6465,-2.27053,0.217426,0.235867,0.310973,0.478307,0.406208,2.56728,0.315066,0.170861,0.426418,0.193247,0.119177,1.50132,1.1478,1.23262,1.327,0.673395,3.97182,4.77071,6.87728,7.29693,6.83259,6.30112,0.233129,0.273846,5.934528,6.354178,5.889838,5.358368
"2419",2.78248,4.06431,55.2795,-3.19952,0.696531,0.224319,0.311105,0.475435,0.402231,2.25951,0.249834,0.19408,0.401036,0.134599,0.113278,0.0165883,1.84529,0.734304,1.10283,2.11946,2.81454,5.24136,6.69088,7.066,6.78619,6.03064,0.434205,0.250907,6.082241,6.457361,6.177551,5.422001
"17300",2.07298,4.38654,84.7071,-2.20806,-0.272625,0.232407,0.291997,0.461939,0.508165,2.47864,0.306411,0.178853,0.406061,0.182893,0.0671965,0.378675,0.741081,0.157007,2.22121,2.5954,2.62299,4.92218,6.96231,7.04448,6.80936,5.99466,0.483129,0.498309,3.14339,3.22556,2.99044,2.17574
"14983",1.93377,5.26925,78.6811,-2.28274,-0.397375,0.232952,0.307047,0.467273,0.558904,2.27911,0.247306,0.163124,0.396773,0.178809,0.0835729,0.768074,0.801765,0.332933,1.39124,0.985875,1.9813,4.6648,6.76111,6.95692,6.85778,6.2718,0.60628,0.645247,5.63824,5.83405,5.73491,5.14893
"16988",2.25325,5.56499,95.6762,-1.74739,0.0729113,0.230547,0.300624,0.476755,0.360596,2.73264,0.278704,0.172152,0.386009,0.163428,0.11869,2.2698,1.26513,0.802818,2.55794,1.18748,2.97414,4.59939,6.90253,7.21886,6.84339,6.52699,0.360082,0.348658,5.43919,5.75552,5.38005,5.06365
"8676",1.67344,4.54818,101.835,-2.61348,0.794448,0.231592,0.308205,0.478063,0.454511,2.20323,0.213434,0.201619,0.348363,0.158097,0.0945695,1.03402,1.19186,3.56028,3.1921,0.749777,2.82219,4.93761,6.84036,7.19162,7.05253,6.19329,0.494386,0.34082,5.44091,5.79217,5.65308,4.79384
"18311",2.3305,4.47061,93.7634,-1.7068,0.59627,0.21696,0.284913,0.448437,0.723442,2.23917,0.241472,0.201666,0.350345,0.176027,0.0720065,0.121842,0.0440924,1.56011,2.35405,0.784363,3.09826,5.06974,6.84837,7.11012,6.8698,6.22513,0.401701,0.489171,6.023535,6.285285,6.044965,5.400295
"10795",1.25193,4.63988,83.2151,-1.80876,0.835659,0.226401,0.302159,0.471869,0.460157,2.79364,0.206443,0.205229,0.397311,0.18396,0.115649,1.79153,1.52943,0.377622,2.87119,1.65959,3.04919,4.68558,6.7897,7.10867,6.90642,6.19758,0.464237,0.544131,4.07041,4.38938,4.18713,3.47829
"12011",1.4871,4.9162,81.1987,-1.7576,0.821163,0.218776,0.293778,0.448899,0.405488,2.6456,0.216651,0.157332,0.371071,0.150458,0.135656,0.798349,1.06436,1.08053,1.2953,1.12779,3.16563,4.85758,6.73511,7.19822,6.81341,6.34129,0.339731,0.530983,4.35881,4.82192,4.43711,3.96499
"16955",1.7975,4.30854,73.9595,-2.07266,-0.269141,0.221032,0.293828,0.467555,0.333124,2.24494,0.301716,0.180184,0.423517,0.178829,0.0693383,0.243348,2.93437,2.60831,0.172701,2.65893,3.44064,5.03114,6.86476,7.15059,7.01917,6.27993,0.403262,0.466681,6.702712,6.988542,6.857122,6.117882
"10204",2.26233,4.28084,76.806,-1.36182,0.661132,0.226877,0.296417,0.452498,0.444505,2.4159,0.204224,0.203823,0.376519,0.139868,0.145149,0.871993,1.81117,0.257169,3.40081,0.668454,2.70237,4.68967,6.84348,7.13282,6.97321,5.90854,0.524011,0.346009,5.877341,6.166681,6.007071,4.942401
"7663",1.66898,4.33775,65.9305,-1.78167,0.453013,0.227924,0.289964,0.453675,0.416696,2.64558,0.196343,0.243217,0.391252,0.191677,0.152487,0.680718,0.895351,1.15925,0.275107,0.25788,1.69241,4.73972,6.57443,6.51504,6.93593,5.75476,0.625659,0.725067,5.33921,5.27982,5.70071,4.51954
"12522",2.49241,4.46831,80.8311,-1.94299,0.348274,0.227024,0.283948,0.444507,0.558616,2.69873,0.242082,0.166066,0.373283,0.153939,0.0773914,1.01524,0.830715,1.27442,2.52942,1.40942,2.63804,4.68075,6.89578,7.15577,6.71232,6.23581,0.492592,0.734618,3.60041,3.8604,3.41695,2.94044
"7077",2.04304,4.73939,71.085,-1.55229,0.742493,0.221122,0.302982,0.483037,0.638387,2.47145,0.295637,0.204925,0.390779,0.121119,0.112451,0.300228,1.39405,2.55647,1.55523,0.165389,2.52255,5.12467,6.71094,7.035,6.73628,5.92202,0.544264,0.463478,6.253207,6.577267,6.278547,5.464287
"2494",1.83821,4.46258,70.8195,-2.18467,0.547036,0.237179,0.313861,0.483211,0.465096,2.45787,0.246335,0.203255,0.437412,0.171265,0.0559117,1.57722,1.09786,0.335182,1.09162,0.305162,3.41302,4.70073,6.77624,7.09372,6.90137,6.22744,0.321877,0.343749,4.98579,5.30327,5.11092,4.43699
"4170",2.13886,4.53508,93.821,-1.14661,-0.821493,0.234081,0.303093,0.484095,0.405923,2.17921,0.279591,0.17292,0.382522,0.185553,0.0616984,0.904258,1.81541,3.16516,3.25434,1.35055,2.75568,4.62771,6.93029,7.13744,7.09128,6.60965,0.342059,0.351177,6.093733,6.300883,6.254723,5.773093
"10242",2.57861,3.39859,76.7252,-2.12428,1.31759,0.223399,0.284111,0.433457,0.524584,2.27781,0.211047,0.211493,0.348777,0.181436,0.123549,1.63657,2.05281,2.39665,2.25316,0.958779,2.16282,4.39741,6.58746,6.68724,6.80245,6.60734,0.616773,0.562263,5.43677,5.53655,5.65176,5.45665
"19514",2.62288,3.77659,76.4356,-1.56722,0.845267,0.214295,0.286856,0.43908,0.520314,2.57215,0.229973,0.145762,0.351781,0.144263,0.168589,0.456323,1.20719,0.988454,1.73307,1.29646,3.72939,4.85861,6.69125,6.98141,6.82929,5.98096,0.280447,0.451177,5.897409,6.187569,6.035449,5.187119
"10592",1.90382,3.67245,75.1332,-1.97151,-0.246696,0.226963,0.300219,0.49465,0.331801,2.49311,0.296846,0.144515,0.417999,0.199207,0.147458,0.932874,3.48768,1.61792,2.09895,0.343596,3.07941,4.74672,6.95804,7.1537,6.9153,6.02761,0.417672,0.279558,5.89682,6.09248,5.85408,4.96639
"4734",1.54615,4.68312,64.172,-3.31516,0.504552,0.222636,0.299297,0.486335,0.491693,2.78889,0.237098,0.216275,0.446479,0.180022,0.247771,1.24301,0.915608,1.28681,1.20431,0.715183,2.7089,4.7755,6.74237,7.00242,6.81591,6.07903,0.469147,0.390386,4.99078,5.25083,5.06432,4.32744
"11655",2.14683,4.50383,78.666,-0.889012,0.16438,0.222157,0.291563,0.43458,0.555265,2.65825,0.25852,0.212357,0.433639,0.176554,0.123942,0.443786,1.77188,0.699218,3.88133,0.597884,2.64325,4.9681,6.8654,6.99845,6.9048,6.1865,0.675064,0.566729,5.868906,6.001956,5.908306,5.190006
"17936",1.49223,4.60548,68.5414,-1.8415,-0.100772,0.226426,0.298776,0.465507,0.515653,2.19859,0.212256,0.18809,0.419236,0.173475,0.11542,0.356471,0.4378,0.701085,3.16178,0.69596,3.2527,5.03018,6.94377,7.2183,6.94357,5.89751,0.464796,0.455308,4.88235,5.15688,4.88215,3.83609
"15142",2.02743,3.74631,53.2537,-2.79039,0.229157,0.232924,0.297786,0.452345,0.442804,2.32471,0.163143,0.211992,0.449599,0.143229,0.171438,0.0366873,2.69422,1.08915,2.75785,1.39744,3.28683,5.17069,6.7885,6.98809,6.78673,5.65383,0.365655,0.443919,5.61016,5.80975,5.60839,4.47549
"18556",1.53038,4.24188,79.1605,-3.48343,0.366847,0.219232,0.295052,0.451198,0.433438,2.4315,0.298239,0.20416,0.415237,0.154511,0.0774646,0.146892,1.25301,0.75672,1.39151,1.71967,2.72516,5.42875,6.69137,7.05187,6.84694,5.79269,0.475132,0.58983,6.379694,6.740194,6.535264,5.481014
"15569",2.54533,4.42925,85.0159,-2.73362,0.111467,0.237667,0.311242,0.490659,0.426682,2.84384,0.23353,0.202688,0.445669,0.168718,0.115658,0.894593,0.39871,1.94654,2.17603,0.0410667,4.05363,5.02547,6.84649,7.37383,6.94626,6.09143,0.349052,0.159407,5.74491,6.27225,5.84468,4.98985
"19789",2.02259,4.47558,69.0516,-1.94163,-0.158299,0.220363,0.294138,0.460483,0.523944,2.09879,0.393369,0.191995,0.372079,0.135844,0.100814,0.0416932,1.44779,1.27636,0.100064,0.591411,2.67799,5.16933,6.86142,7.19565,6.94652,6.19936,0.497737,0.360761,5.00281,5.33704,5.08791,4.34075
"3541",2.6624,4.12862,72.4656,-2.8818,0.434787,0.213866,0.288485,0.471654,0.477522,2.13658,0.299033,0.163056,0.397981,0.155602,0.145554,0.321479,1.31978,1.39623,0.697495,0.458469,2.81,4.88142,6.7625,7.01721,6.8458,6.03832,0.332897,0.465091,6.7447551,6.9994651,6.8280551,6.0205751
"1772",1.15642,4.4792,63.448,-2.43531,-0.419967,0.214313,0.274413,0.423685,0.542689,2.52851,0.260126,0.153253,0.402356,0.157936,0.0890725,0.598697,1.0554,1.73952,5.22715,0.409921,2.42876,4.96341,6.7334,6.9746,6.99489,6.02979,0.461787,0.494151,4.27602,4.51722,4.53751,3.57241
"12203",1.16817,3.91242,66.6599,-2.06362,0.252177,0.225523,0.297064,0.468549,0.453658,2.3994,0.179562,0.191321,0.395526,0.153238,0.226515,0.329241,0.153112,0.462393,2.53851,1.48841,3.13938,5.12517,6.70228,7.08355,6.8632,5.97826,0.409717,0.41678,6.6027796,6.9840496,6.7636996,5.8787596
"1318",1.15849,4.12882,65.0835,-2.51415,-0.574832,0.230584,0.304697,0.46531,0.425149,2.23976,0.298541,0.193886,0.43739,0.187936,0.228693,1.95423,2.14871,3.00005,3.65534,2.11648,2.57841,4.74283,6.88075,7.05367,6.92116,6.12363,0.53093,0.323668,5.86519,6.03811,5.9056,5.10807
"7564",1.74468,3.99656,63.2784,-2.3296,0.250257,0.219426,0.295771,0.475871,0.50005,2.4921,0.209777,0.153331,0.391356,0.181399,0.136513,0.831178,0.546326,1.47621,1.80892,2.02832,2.26306,4.91779,6.67726,6.79017,6.884,6.3818,0.457959,0.389347,1.83355,1.94646,2.04029,1.53809
"2414",1.33816,4.30754,64.0836,-3.06134,0.548919,0.222835,0.308844,0.482804,0.431433,2.55199,0.225342,0.19102,0.43937,0.192611,0.177603,0.00131046,0.773277,0.261676,0.925912,1.04399,2.83773,5.44613,6.73121,7.0472,6.96861,6.21373,0.509572,0.48736,5.53924,5.85523,5.77664,5.02176
"15901",2.27061,4.37417,68.4366,-1.89997,-0.255476,0.231959,0.296707,0.446557,0.436264,2.44866,0.195668,0.183742,0.4082,0.145733,0.178323,0.0760563,0.985696,2.32825,1.12048,2.24701,2.27719,5.27614,6.78315,6.82424,6.72113,5.83373,0.630292,0.726281,5.924385,5.965475,5.862365,4.974965
"8629",2.4672,4.52833,79.2844,-1.43789,-0.181552,0.221281,0.301851,0.471325,0.474576,2.14982,0.265101,0.160653,0.460234,0.182177,0.178265,0.848185,0.60822,0.967654,2.40628,0.26672,2.15011,4.54025,6.84434,6.93482,6.76019,6.30148,0.645828,0.579645,4.59009,4.68057,4.50594,4.04723
"16702",2.38902,4.54943,78.8899,-1.49846,0.0250873,0.223291,0.298036,0.462798,0.412057,2.34001,0.357534,0.182027,0.394143,0.142757,0.23151,1.32751,0.356157,0.949592,2.30688,1.01199,2.74609,4.61121,6.83788,7.12359,6.89706,6.16498,0.431277,0.403315,3.8894,4.17511,3.94858,3.2165
"9816",1.96604,3.71557,79.0456,-1.01239,-0.266541,0.232612,0.292875,0.464742,0.413839,2.55657,0.195227,0.190058,0.381847,0.14903,0.19614,0.449884,1.20322,1.10598,2.64814,0.578868,3.76278,4.78536,6.79997,7.21319,6.73055,6.09879,0.233086,0.355025,3.59723,4.01045,3.52781,2.89605
"5991",1.80674,4.08507,71.3601,-2.15898,0.426986,0.227029,0.299794,0.466257,0.4355,2.3706,0.28388,0.167591,0.442617,0.119766,0.159835,0.42397,1.1161,1.29248,1.90303,1.10951,2.91999,4.97761,6.68533,6.99266,6.80928,5.91988,0.311816,0.600519,5.56586,5.87319,5.68981,4.80041
"4386",1.94314,4.29572,69.0287,-2.45462,-0.709389,0.224063,0.29733,0.466568,0.437594,2.38185,0.192065,0.253178,0.380457,0.204461,0.216388,1.6717,0.724155,1.19708,1.97996,0.296524,2.21303,4.58543,6.88193,6.8728,6.71633,6.33436,0.484207,0.443626,6.325133,6.316003,6.159533,5.777563
"14116",1.99841,4.61682,69.7824,-1.96866,0.81505,0.224736,0.308877,0.474495,0.39787,2.36255,0.29918,0.181583,0.373573,0.120029,0.132987,0.282804,0.624676,1.13254,1.63213,0.799033,2.86714,5.04122,6.67954,6.96645,6.86235,6.42299,0.432079,0.641222,3.9668,4.25371,4.14961,3.71025
"697",1.22768,5.69751,89.8921,-2.49399,0.726126,0.225832,0.293922,0.456323,0.389411,2.23278,0.256837,0.168152,0.416693,0.176576,0.0688356,0.583981,1.06838,0.777641,3.08344,2.603,2.73416,5.08649,6.88455,7.08845,6.92127,6.16675,0.458399,0.51359,4.8243,5.0282,4.86102,4.1065
"17858",1.9128,3.35144,71.5416,-1.69053,-0.011205,0.225174,0.292241,0.474625,0.481496,2.39876,0.2593,0.237612,0.388715,0.204525,0.147119,0.276736,0.881664,1.23352,0.872494,2.17012,2.3319,5.06138,6.7535,6.84353,6.96682,7.41283,0.578259,0.606997,4.27424,4.36427,4.48756,4.93357
"16616",1.36782,4.17292,88.4342,-2.21884,-0.0903343,0.232402,0.301055,0.462896,0.401431,2.21233,0.314983,0.142929,0.36589,0.15624,0.237841,0.962876,2.61622,1.3078,2.95646,2.16902,2.50109,4.85442,6.91997,7.03923,6.835,5.89678,0.43429,0.419651,4.25081,4.37007,4.16584,3.22762
"13138",0.6738,4.42043,67.5573,-3.37573,0.0275777,0.228741,0.299251,0.467569,0.701106,2.82227,0.315178,0.227107,0.451133,0.188425,0.0704449,1.80674,0.780771,1.82477,2.23157,0.00114192,2.87841,5.00318,6.7451,7.08059,6.87863,6.35109,0.306387,0.213384,4.07907,4.41456,4.2126,3.68506
"11921",1.10917,3.29231,77.7103,-1.5827,0.441475,0.235486,0.297426,0.472728,0.428923,2.34933,0.337786,0.181311,0.385694,0.181729,0.164198,1.05409,2.78495,2.50088,3.57082,1.19991,2.88904,4.7341,6.75296,7.10095,6.82568,6.01084,0.494425,0.499093,6.052338,6.400328,6.125058,5.310218
"8707",1.2072,4.23186,73.1814,-1.11038,0.0949492,0.232968,0.297454,0.493252,0.404579,2.43457,0.268934,0.181815,0.451065,0.148501,0.0853786,0.541304,3.15318,1.85663,1.97843,0.654044,2.28635,4.93276,6.79683,6.9132,6.81214,6.2353,0.618276,0.475157,5.897952,6.014322,5.913262,5.336422
"5100",2.94459,4.78956,73.1179,-1.69149,0.650508,0.230862,0.298929,0.484054,0.3382,2.42976,0.257615,0.200886,0.398878,0.194518,0.128378,0.539745,1.31774,1.54975,3.72488,0.187493,2.56454,4.92268,6.85944,6.98531,6.9904,5.90559,0.466148,0.389551,4.84849,4.97436,4.97945,3.89464
"14728",2.96395,4.21323,72.3687,-1.85928,-0.156607,0.231276,0.296929,0.481994,0.535821,2.38369,0.207914,0.186919,0.368797,0.190359,0.162521,0.470806,0.417504,1.56123,2.18502,0.47851,2.52661,4.96084,6.83673,7.03706,6.88373,6.11207,0.502859,0.518903,5.39332,5.59365,5.44032,4.66866
"13038",2.55558,4.85845,51.6349,-2.0695,0.0413399,0.227284,0.289462,0.457056,0.567826,2.25513,0.286589,0.202794,0.342502,0.140149,0.114049,0.531652,0.483422,1.24164,2.84558,0.832546,2.4621,4.70434,6.82084,6.88552,6.91213,5.80365,0.454923,0.617979,6.024852,6.089532,6.116142,5.007662
"14324",1.75954,4.02394,83.2419,-1.63127,0.413564,0.221156,0.295087,0.46497,0.550123,2.57021,0.243409,0.168101,0.341599,0.199405,0.111645,0.726008,0.866293,1.1988,3.34492,0.134726,2.24629,4.86691,6.81086,6.99319,6.83848,5.81701,0.564959,0.448306,3.82173,4.00406,3.84935,2.82788
"6955",1.60511,3.36473,74.3773,-3.03681,0.0990671,0.227688,0.294488,0.460513,0.434467,2.4519,0.349192,0.182954,0.476802,0.209946,0.132314,0.249235,1.13626,0.258487,1.78127,0.0470874,5.24873,5.19598,6.91508,7.35945,6.86165,6.11413,0.353217,0.286871,4.8031,5.24747,4.74967,4.00215
"6896",2.52143,4.64229,86.9083,-3.1995,1.24287,0.215489,0.287578,0.453487,0.410116,2.25819,0.35566,0.173238,0.381727,0.157681,0.169738,1.11545,1.46879,1.5524,2.03819,1.96489,2.27736,4.71864,6.77495,6.96005,6.874,6.55406,0.682078,0.586631,4.98153,5.16663,5.08058,4.76064
"10756",1.85695,4.14254,97.049,-2.91102,0.3342,0.225427,0.299837,0.470766,0.387778,2.48621,0.269168,0.181922,0.46675,0.137981,0.115367,1.65033,1.49385,1.88923,2.90429,0.462318,3.36794,4.84949,6.85202,7.21652,6.84511,6.52984,0.252145,0.331407,4.47214,4.83664,4.46523,4.14996
"10375",2.43963,3.78523,84.3808,-1.59461,-0.348455,0.223412,0.303884,0.487026,0.472596,2.12111,0.417039,0.173644,0.408169,0.120898,0.128162,0.576361,1.51414,2.15439,1.67448,2.44298,3.73538,4.84402,6.93371,7.37295,6.91909,6.5891,0.301938,0.303244,6.168429,6.607669,6.153809,5.823819
"7324",1.60446,4.10241,72.6151,-3.27786,0.429693,0.22096,0.298489,0.449833,0.382003,2.2175,0.202998,0.199674,0.440643,0.130021,0.122812,0.59327,2.20443,2.67943,2.00384,2.64364,2.99221,5.16544,6.81088,7.18365,6.91237,6.09659,0.532095,0.469205,5.15879,5.53156,5.26028,4.4445
"9812",2.58438,3.59653,74.0394,-3.33078,0.420405,0.23503,0.305577,0.484339,0.399507,2.35692,0.200469,0.16635,0.374774,0.157818,0.0926851,0.19631,1.00827,1.11955,1.15346,0.875929,3.0249,5.14082,6.64761,7.10359,6.8354,5.68156,0.328497,0.57313,5.07735,5.53333,5.26514,4.1113
"1256",2.47656,3.9408,73.2153,-2.34535,-0.0253758,0.23036,0.302395,0.483585,0.382718,2.86514,0.316941,0.177909,0.401023,0.166233,0.25178,0.916615,1.42028,2.39423,2.90347,0.531458,2.57711,4.94818,6.75492,7.10066,6.84005,6.01119,0.485123,0.426361,6.638006,6.983746,6.723136,5.894276
"17918",2.84092,4.09311,54.1631,-2.64191,0.379207,0.21919,0.282081,0.430529,0.385628,2.28674,0.298903,0.171108,0.399531,0.177012,0.0818789,0.440028,1.63513,1.88568,1.56234,0.714849,1.80905,4.80167,6.48086,6.5362,6.8293,5.83664,0.510661,0.827883,3.47579,3.53113,3.82423,2.83157
"5943",1.90522,3.97766,84.4725,-2.21784,1.34622,0.223242,0.29321,0.485211,0.437466,2.63223,0.254667,0.17616,0.483726,0.182783,0.196187,1.00322,1.94972,2.62134,1.66659,1.88882,2.66514,4.79468,6.76196,6.95776,6.82543,5.75788,0.420943,0.386879,6.251535,6.447335,6.315005,5.247455
"5293",1.89444,5.2216,74.064,-2.23756,0.343607,0.222752,0.2858,0.441533,0.467287,2.59245,0.271954,0.222765,0.344491,0.143766,0.223936,0.666845,1.21923,1.1369,2.9374,1.06022,3.28106,4.91996,6.93739,7.16274,6.93306,5.98684,0.50769,0.463569,3.42297,3.64832,3.41864,2.47242
"9974",2.06346,3.60756,72.7514,-2.11073,0.818519,0.229814,0.2993,0.46084,0.749571,2.16015,0.17919,0.197966,0.391486,0.139582,0.111075,1.15616,1.4735,2.03912,1.31856,1.03021,3.06062,4.70653,6.64259,7.0774,6.80632,5.8083,0.433199,0.500322,5.803861,6.238671,5.967591,4.969571
"16521",1.55065,4.19276,84.3834,-2.64863,-0.785893,0.217801,0.293873,0.460212,0.461113,2.56612,0.320901,0.123562,0.395031,0.178162,0.130235,1.15104,2.83408,0.831243,2.44502,1.05173,3.17791,4.9583,6.98722,7.32458,6.88793,6.20571,0.427773,0.362769,6.1066,6.44396,6.00731,5.32509
"12605",2.89921,3.90473,68.4644,-1.28724,1.2096,0.244497,0.322671,0.490367,0.544108,2.34989,0.269661,0.147861,0.366969,0.116875,0.186305,0.61499,2.52213,1.65725,1.30893,1.3436,2.11641,4.76368,6.60918,6.86888,6.67439,6.19425,0.48037,0.46498,4.6155,4.8752,4.68071,4.20057
"17107",1.89445,4.61349,77.6482,-2.07792,0.643446,0.228366,0.308407,0.463601,0.427921,2.44918,0.311548,0.145184,0.395057,0.134613,0.161275,0.410303,1.57966,1.5641,1.5422,1.07522,2.43233,5.13033,6.67487,6.98719,7.04253,5.93356,0.509542,0.530826,5.747832,6.060152,6.115492,5.006522
"11454",2.22819,4.20905,97.1519,-1.99179,0.0627064,0.217586,0.287579,0.43984,0.399941,2.21261,0.245696,0.199187,0.419451,0.162554,0.147467,0.625438,1.05113,1.37449,3.14238,1.03044,3.87546,4.96337,6.9341,7.21908,6.96071,5.87265,0.386912,0.420565,6.730475,7.015455,6.757085,5.669025
"8463",2.13721,3.93027,60.9772,-2.49405,0.694712,0.219947,0.291771,0.452744,0.491652,2.70729,0.225634,0.187073,0.444836,0.13053,0.120968,1.18361,2.80246,0.282266,2.72646,1.25149,3.13685,4.68839,6.74081,7.07965,6.87399,5.65175,0.457494,0.426651,6.547789,6.886629,6.680969,5.458729
"11241",1.56831,3.6395,67.4126,-1.97415,0.0648275,0.221855,0.288323,0.457501,0.345845,2.24194,0.310554,0.183409,0.392844,0.201091,0.166947,0.983345,1.94889,1.36451,1.85342,0.0839393,2.57723,4.79878,6.80909,6.94914,6.95582,6.56279,0.361751,0.517971,5.61131,5.75136,5.75804,5.36501
"5594",2.4455,4.76448,75.5316,-1.78806,0.436356,0.229556,0.302721,0.492565,0.308677,2.84782,0.274485,0.173591,0.392408,0.240165,0.125031,1.2833,0.819603,2.58141,2.06979,1.6519,3.10901,4.66653,6.83989,7.20958,6.91723,6.47812,0.384189,0.302602,4.53392,4.90361,4.61126,4.17215
"12204",1.07091,3.60227,74.2253,-1.79126,0.0829448,0.226523,0.298548,0.453091,0.450043,2.31646,0.20076,0.181709,0.372145,0.155735,0.216522,0.267363,0.170305,0.232642,2.14888,3.53466,3.11609,5.13291,6.67971,7.1988,6.77687,5.93849,0.366752,0.448114,6.6197946,7.1388846,6.7169546,5.8785746
"13065",2.91781,5.01074,81.5386,-2.63359,0.585519,0.224591,0.304253,0.492445,0.352298,2.8933,0.234342,0.180329,0.421868,0.146222,0.0992727,0.836802,0.863478,1.34175,2.18626,2.12007,2.71272,4.89514,6.83191,7.05823,6.94737,5.84292,0.439412,0.502067,5.48658,5.7129,5.60204,4.49759
"10352",2.5746,3.99406,68.4891,-2.74466,0.127574,0.230644,0.305827,0.478245,0.398519,2.23311,0.265825,0.164277,0.343809,0.155693,0.126053,0.490341,1.40866,1.03058,1.7996,0.213186,4.14628,4.93646,6.81671,7.17115,6.73824,6.2187,0.257914,0.354782,6.525552,6.879992,6.447082,5.927542
"13929",1.70946,4.28609,78.4851,-2.3295,-0.253087,0.227651,0.30726,0.487925,0.42197,2.78061,0.25393,0.205534,0.3434,0.191931,0.203278,0.937341,0.100994,2.05314,2.49722,0.549799,2.55913,4.93274,6.84416,7.15676,7.08342,6.02299,0.59513,0.36385,5.05524,5.36784,5.2945,4.23407
"1953",1.44637,3.80716,26.0609,-2.51254,0.80876,0.232477,0.29893,0.494664,0.464735,2.67409,0.239764,0.174971,0.395348,0.222051,0.30441,1.16045,1.86353,0.864018,1.04656,0.591468,1.4527,4.05675,6.13326,5.88001,6.7274,5.65554,0.825946,1.01747,0.18908,-0.06417,0.78322,-0.28864
"8180",2.70938,4.96014,64.3798,-2.10501,0.213657,0.229229,0.302369,0.476276,0.50811,2.49662,0.226956,0.215372,0.341941,0.153193,0.101719,0.614276,0.747725,2.43991,2.80215,0.0376661,2.78562,4.88829,6.71824,6.93776,6.94136,6.23233,0.433931,0.407922,2.6938,2.91332,2.91692,2.20789
"5587",2.11688,3.99994,63.1373,-1.72658,0.676879,0.22319,0.302598,0.485908,0.411049,2.69433,0.352982,0.201909,0.490933,0.151797,0.257884,1.1293,2.73532,2.33002,3.10541,0.655293,3.53426,4.71293,6.74419,7.20896,6.9565,6.16323,0.389198,0.357594,5.848411,6.313181,6.060721,5.267451
"478",1.64691,4.25698,62.8111,-1.16348,1.16353,0.233866,0.302259,0.488783,0.474289,2.27162,0.307965,0.184187,0.381388,0.127123,0.159426,1.82577,1.6407,2.03599,2.88355,1.30731,2.90316,4.47788,6.75261,7.08688,6.76676,5.74394,0.475376,0.338245,6.524154,6.858424,6.538304,5.515484
"4887",2.25529,4.09818,73.0667,-2.06609,0.75738,0.215996,0.287188,0.432142,0.448425,2.33023,0.268243,0.180793,0.390645,0.208457,0.129946,0.273721,1.72335,1.08006,2.46522,0.877383,3.01507,5.02707,6.76108,7.11211,6.90813,6.11784,0.510653,0.466245,4.75768,5.10871,4.90473,4.11444
"5268",1.76204,5.09204,77.1982,-2.6092,0.689522,0.230505,0.29708,0.470248,0.4726,2.30345,0.281324,0.135075,0.449514,0.172337,0.165949,1.68206,2.65276,0.951564,1.48422,1.5398,3.52121,4.74772,6.83939,7.29634,7.09786,6.07603,0.44678,0.286888,5.30792,5.76487,5.56639,4.54456
"13599",1.64302,4.3374,79.1695,-1.5529,0.617975,0.213786,0.27587,0.41046,0.478678,2.10964,0.307865,0.157307,0.439958,0.154991,0.103681,0.609747,1.39222,1.87776,3.21663,0.980067,2.1162,4.681,6.77391,7.07441,6.55309,6.42951,0.470958,0.617292,5.49348,5.79398,5.27266,5.14908
"14818",2.24001,4.09013,105.026,-2.40035,0.593914,0.239752,0.310746,0.491913,0.417048,2.27622,0.288304,0.178214,0.404405,0.117815,0.118016,1.12333,2.38905,0.667241,3.58037,1.03923,4.38878,4.88857,6.9641,7.36437,6.93347,6.12918,0.353932,0.242787,4.98815,5.38842,4.95752,4.15323
"10382",2.70581,4.08685,56.3818,-1.93265,0.0339136,0.226119,0.308447,0.492288,0.304422,2.42404,0.262238,0.143156,0.374791,0.15398,0.122388,0.28651,0.752216,1.60933,3.10515,0.106765,1.996,4.82861,6.74787,6.70863,6.71407,6.08543,0.618048,0.670883,4.5228,4.48356,4.489,3.86036
"12454",2.26046,4.30789,73.2092,-3.06677,0.65958,0.221865,0.288204,0.439874,0.374879,2.23069,0.252136,0.162934,0.396765,0.181665,0.0641612,1.07668,1.97187,0.491748,2.69603,0.269453,2.38557,4.84641,6.79639,7.10554,6.87811,5.94431,0.55704,0.424782,5.55233,5.86148,5.63405,4.70025
"6935",2.47755,4.97088,57.4314,-1.51052,-0.0605269,0.23005,0.306722,0.486803,0.482025,2.73346,0.21946,0.130192,0.384949,0.126987,0.050933,1.0778,0.768681,2.36706,2.34799,0.402778,2.0412,4.47031,6.75554,6.88625,6.72934,5.78403,0.368441,0.443451,5.29728,5.42799,5.27108,4.32577
"2136",2.33246,3.8521,63.3582,-1.82531,0.295474,0.220569,0.291959,0.453363,0.342067,2.20479,0.271094,0.185688,0.416637,0.202933,0.107689,0.659607,0.746767,0.228834,0.949448,0.852509,3.03181,4.84726,6.72824,7.06631,6.71597,6.4357,0.419385,0.357283,4.28009,4.61816,4.26782,3.98755
"687",1.87967,4.24992,46.335,-2.25949,-0.0838558,0.221898,0.289549,0.441395,0.512665,2.56933,0.210434,0.209974,0.408168,0.111399,0.167197,0.556803,1.46813,0.949431,1.35386,0.706881,2.80236,4.89075,6.75806,6.93343,6.72231,6.24779,0.506966,0.59024,2.67014,2.84551,2.63439,2.15987
"3012",1.85037,4.66834,65.226,-3.1379,0.149276,0.234087,0.314953,0.503569,0.468398,2.35501,0.296508,0.189888,0.405256,0.163647,0.0791378,0.929145,0.881957,1.64371,3.18103,1.23106,2.05893,4.71478,6.77715,6.83571,6.93127,5.8606,0.599113,0.532393,5.25834,5.3169,5.41246,4.34179
"9338",3.07951,3.61642,70.7956,-2.5872,0.826974,0.235927,0.318449,0.509375,0.469603,2.35872,0.240931,0.216614,0.361776,0.157633,0.174606,0.74171,0.319926,0.198107,2.64493,1.28643,2.76176,4.83465,6.62031,7.0765,6.82728,5.756,0.462895,0.349475,6.392928,6.849118,6.599898,5.528618
"9867",2.26263,4.72334,35.648,-2.06916,1.18626,0.231052,0.300384,0.47144,0.350696,2.42529,0.29741,0.185295,0.340823,0.158376,0.18839,0.346118,1.42942,1.14686,1.56034,0.220244,1.81399,4.91432,6.4178,6.54901,6.7339,5.74876,0.647744,0.87617,4.64745,4.77866,4.96355,3.97841
"16226",0.92806,4.41131,69.4071,-2.81813,-0.178353,0.229739,0.303833,0.476978,0.756349,2.38085,0.270126,0.230807,0.397602,0.189191,0.112903,0.367291,1.46707,1.65682,3.37558,0.17959,3.23135,5.26989,6.84301,7.19652,6.86442,6.16984,0.442148,0.304262,3.85688,4.21039,3.87829,3.18371
"10644",2.4206,4.3552,57.6167,-2.10103,0.900337,0.237489,0.307461,0.496737,0.579453,2.84699,0.302442,0.185066,0.389558,0.183635,0.113042,0.265357,1.87541,0.740578,3.64649,0.770645,2.45599,5.16406,6.65839,6.93564,6.88649,6.03128,0.549761,0.431596,4.37742,4.65467,4.60552,3.75031
"14610",2.05791,5.45811,62.7177,-2.14711,-0.401501,0.232155,0.308723,0.482426,0.502742,2.48506,0.187007,0.177228,0.412311,0.147527,0.0703358,1.11565,0.334143,0.710454,3.51267,1.78001,2.28018,4.65141,6.683,7.07578,6.97281,6.39487,0.545302,0.452508,4.74994,5.14272,5.03975,4.46181
"17209",2.0769,3.96116,69.8658,-1.96205,0.127165,0.238359,0.303047,0.482478,0.632574,2.6693,0.1719,0.227912,0.40688,0.195513,0.208181,1.09719,2.33811,1.17017,1.13671,1.18764,3.74779,4.77462,6.82602,7.27167,6.89358,6.18699,0.436719,0.39138,5.70548,6.15113,5.77304,5.06645
"3616",1.40816,4.86664,74.0978,-2.32497,-0.242191,0.23689,0.311166,0.499132,0.398866,2.33514,0.231767,0.161258,0.369032,0.169145,0.228844,0.944294,0.555443,1.0537,1.55108,1.03021,2.62031,4.84787,6.84371,7.09999,6.88879,6.32973,0.374971,0.474915,6.304389,6.560669,6.349469,5.790409
"7682",2.3224,3.15511,79.8951,-2.03371,1.04754,0.230455,0.296152,0.46694,0.29993,2.55051,0.320186,0.184568,0.458485,0.206053,0.126449,0.871783,1.56753,0.269005,2.75408,1.36816,2.8202,4.95429,6.87966,7.09375,6.64954,5.82022,0.490638,0.353356,1.74373,1.95782,1.51361,0.68429
"6953",1.27932,3.82654,63.9434,-2.02339,-0.0149002,0.229633,0.300534,0.462437,0.562356,2.63055,0.238374,0.188457,0.37548,0.181881,0.101568,0.0135637,1.87548,0.757626,2.29292,1.29477,2.85488,5.31962,6.71673,6.98749,6.92872,5.96422,0.457579,0.413368,6.515868,6.786628,6.727858,5.763358
"11125",1.78646,4.6173,87.3842,-1.6577,-0.209663,0.225608,0.300629,0.487655,0.408734,2.35191,0.223528,0.148576,0.361832,0.141796,0.101401,0.5275,1.50314,0.214168,2.86289,2.57493,3.68102,4.89859,6.85344,7.34052,6.86321,6.22342,0.237529,0.39372,6.425049,6.912129,6.434819,5.795029
"4039",1.32045,5.02601,86.0386,-2.58863,0.910672,0.224343,0.303545,0.463698,0.627184,2.61067,0.229076,0.142869,0.397886,0.136288,0.225965,0.680655,1.65567,1.1892,1.45078,2.20152,2.64544,5.11072,7.0202,6.93173,6.7687,6.06878,0.272272,0.520976,6.432955,6.344485,6.181455,5.481535
"19049",2.09405,4.36452,83.556,-1.47783,-0.204895,0.231495,0.296884,0.476674,0.394484,2.38261,0.244938,0.179124,0.37453,0.165203,0.145106,1.83086,1.80204,2.58921,2.58493,0.823112,2.43566,4.40053,6.886,7.05327,6.76186,6.03687,0.496639,0.503286,5.07898,5.24625,4.95484,4.22985
"15158",2.09993,5.13312,71.4315,-2.24639,0.67251,0.223342,0.286705,0.436463,0.451896,2.48975,0.244903,0.172967,0.444458,0.18039,0.15252,0.744893,0.201155,2.4178,1.97278,2.07394,2.73212,4.88045,6.79747,6.99077,6.97386,6.20757,0.393947,0.642084,5.49703,5.69033,5.67342,4.90713
"4530",2.24684,4.51764,67.3977,-2.47744,0.273014,0.222628,0.288223,0.443644,0.601066,2.73826,0.303448,0.236657,0.540143,0.221207,0.205615,1.67723,1.30228,1.84225,2.63888,0.805699,2.45901,4.68457,6.71282,6.97498,6.93224,6.17657,0.685539,0.546333,6.184143,6.446303,6.403563,5.647893
"4245",3.19464,4.72355,92.8788,-2.63599,-0.119685,0.230965,0.298866,0.482595,0.350897,2.49596,0.270931,0.200617,0.393872,0.193057,0.15762,0.436444,1.78388,0.278599,1.19678,2.35799,3.46771,5.02657,6.85249,7.29685,6.96186,6.01152,0.328756,0.22423,6.186522,6.630882,6.295892,5.345552
"14122",2.18853,4.11173,74.3624,-1.81517,-0.0812006,0.233148,0.306064,0.474705,0.367046,2.48776,0.236961,0.173587,0.408178,0.120027,0.0794765,1.56535,1.01142,0.388216,3.06775,1.0808,2.16153,4.51115,6.86028,6.87743,7.03018,6.01901,0.532794,0.447452,6.408769,6.425919,6.578669,5.567499
"8135",2.16322,5.25169,78.6328,-2.63883,1.42555,0.22961,0.297487,0.453434,0.733777,2.69969,0.172414,0.184327,0.371408,0.151775,0.0676531,1.85427,1.42671,1.81688,1.64468,0.511228,2.24953,4.55436,6.85662,6.9476,6.80152,6.088,0.571627,0.493279,5.451,5.54198,5.3959,4.68238
"9151",1.9501,4.51161,66.9861,-1.99957,0.170547,0.227822,0.313209,0.493178,0.518511,2.52315,0.307226,0.205805,0.380946,0.116726,0.138297,0.205937,1.49587,0.332885,2.86019,1.04791,2.94546,5.13487,6.77454,7.14797,6.91349,6.63595,0.499963,0.354227,3.74511,4.11854,3.88406,3.60652
"10144",0.871409,4.52924,96.6382,-2.05145,-0.0534903,0.22703,0.298385,0.480712,0.357198,2.56852,0.223595,0.186755,0.405765,0.202864,0.104173,0.537193,1.17274,0.401729,1.45082,1.26347,2.2509,5.20654,6.79479,6.95964,7.00221,6.25915,0.575125,0.306697,5.48515,5.65,5.69257,4.94951
"18891",2.434,3.97553,55.2249,-2.38314,-0.30695,0.224014,0.291478,0.457829,0.512729,2.44443,0.246709,0.163548,0.373088,0.173493,0.292038,0.417291,0.31604,1.86464,0.117911,0.462156,2.58928,4.95637,6.75556,7.05813,6.88565,5.70728,0.571343,0.640566,5.04444,5.34701,5.17453,3.99616
"3100",1.77614,3.8199,60.5207,-1.97373,0.200803,0.222545,0.292506,0.461505,0.465066,2.08039,0.230594,0.171817,0.417729,0.139539,0.144572,1.50247,2.07288,1.24261,3.43877,1.80989,2.07144,4.43595,6.72379,6.88375,6.83224,6.2747,0.6566,0.347142,4.71516,4.87512,4.82361,4.26607
"16982",1.93607,4.95614,70.4823,-1.41837,0.0753503,0.238578,0.306778,0.466969,0.41318,2.26506,0.323441,0.149611,0.380241,0.125316,0.103553,0.347596,1.18754,2.06776,2.1259,0.370553,3.58258,4.94554,6.92197,7.2256,6.88356,6.31058,0.270367,0.327012,6.52912,6.83275,6.49071,5.91773
"8863",2.21186,4.41356,79.8403,-1.90473,0.830223,0.231199,0.31535,0.489474,0.385279,2.20853,0.199002,0.197915,0.42594,0.18645,0.127679,0.734752,1.25753,0.720087,1.68036,0.292912,3.0125,4.88445,6.84306,7.16479,6.92646,6.27294,0.407119,0.256153,4.37025,4.69198,4.45365,3.80013
"16812",0.762062,5.11176,63.7187,-1.95272,-0.132253,0.243228,0.30477,0.477276,0.5691,2.35267,0.31485,0.214641,0.335803,0.143117,0.127852,0.70347,1.40037,0.794919,2.56636,0.600081,2.18962,5.01597,6.7654,7.04003,6.97055,6.04102,0.486391,0.495859,4.98697,5.2616,5.19212,4.26259
"14879",1.8306,4.1118,71.8768,-2.12248,-0.0609806,0.235124,0.291284,0.458351,0.381627,2.57591,0.202106,0.180919,0.428822,0.152364,0.0853323,1.28254,1.41008,0.87984,1.82588,0.403547,2.54825,4.6505,6.72195,7.0147,6.63648,6.13005,0.288514,0.550876,6.264116,6.556866,6.178646,5.672216
"15536",1.98596,4.17231,76.8585,-2.15794,0.121148,0.228537,0.308524,0.48354,0.605566,2.35587,0.286859,0.173379,0.37076,0.167036,0.17052,0.719816,0.580622,0.992752,1.89017,1.06706,3.61587,4.96002,6.87761,7.21839,6.90414,6.50624,0.355689,0.340834,6.295052,6.635832,6.321582,5.923682
"16802",1.48397,4.31326,42.3378,-2.37069,-0.162608,0.220863,0.29171,0.459502,0.595936,2.53868,0.179776,0.237629,0.440951,0.218089,0.159875,1.72643,1.33116,0.390564,1.49006,1.3083,1.6805,4.17991,6.77712,6.35966,6.7125,5.84961,0.936435,0.92643,4.66695,4.24949,4.60233,3.73944
"10384",1.25109,3.96335,72.082,-1.91061,0.950847,0.24227,0.31013,0.495997,0.300173,2.07625,0.293175,0.165865,0.357694,0.121149,0.0776847,2.33604,1.52017,1.59548,3.02439,1.39092,2.49969,4.42524,6.81753,7.04114,6.85289,5.88832,0.408055,0.584782,6.289042,6.512652,6.324402,5.359832
"9943",1.71972,4.34316,69.2463,-1.35291,1.10119,0.22369,0.303445,0.475298,0.47141,2.72701,0.249673,0.182146,0.427029,0.13061,0.134774,1.14463,0.825586,1.6682,3.03885,0.400145,2.17094,4.56586,6.62681,6.77244,7.02651,5.43202,0.517072,0.551545,5.13089,5.27652,5.53059,3.9361
"3032",2.19973,4.7083,75.77,-2.18091,0.458545,0.226714,0.298805,0.458113,0.530578,2.62523,0.221635,0.128979,0.450212,0.149964,0.206832,0.603558,1.47011,0.405708,2.25822,1.14833,2.5013,4.83806,6.69425,7.03969,6.72088,5.93481,0.52148,0.479065,1.82636,2.1718,1.85299,1.06692
"11772",1.65366,4.01552,41.687,-1.82597,0.940886,0.209834,0.283801,0.432091,0.412366,2.31342,0.264789,0.21934,0.416464,0.165336,0.0462102,0.800317,0.824886,1.49243,2.29501,2.44928,2.43897,4.65647,6.57542,6.82104,6.70175,6.08139,0.524975,0.463984,5.76359,6.00921,5.88992,5.26956
"6422",2.00146,4.57445,69.4306,-1.49283,-0.824856,0.221882,0.290699,0.463913,0.557859,2.8246,0.181116,0.153981,0.370159,0.132306,0.0725326,1.15908,0.597579,2.31147,1.28002,0.527248,2.49691,4.68602,6.899,7.0108,6.95867,6.49916,0.443462,0.546269,5.32217,5.43397,5.38184,4.92233
"119",2.62366,4.45344,62.158,-2.29744,0.266648,0.233125,0.310514,0.468162,0.43817,2.451,0.193949,0.182195,0.38837,0.195223,0.0588081,0.987681,1.96279,0.0870441,2.29457,0.317364,1.94776,4.60012,6.76271,6.88858,6.60019,5.84654,0.574239,0.33445,6.522898,6.648768,6.360378,5.606728
"6929",1.7906,3.71111,47.1446,-2.44809,0.389558,0.220478,0.294708,0.473912,0.469544,2.38009,0.311035,0.141963,0.413642,0.138795,0.162266,0.527951,2.61236,1.05446,2.60836,0.140559,2.28507,4.8399,6.64869,6.74727,6.73899,6.16559,0.509955,0.438509,4.99936,5.09794,5.08966,4.51626
"1418",2.10053,4.25319,51.5721,-3.03561,0.324361,0.230182,0.28761,0.440348,0.458261,2.54027,0.330675,0.23653,0.438398,0.198808,0.102592,0.891924,0.62744,1.32973,2.19566,3.25504,2.79937,4.91909,6.79663,7.10158,7.10529,6.08125,0.586308,0.294392,4.85677,5.16172,5.16543,4.14139
"8697",1.97336,3.77414,72.8482,-2.12291,0.508919,0.239426,0.314347,0.493254,0.482038,2.32373,0.250097,0.161119,0.435462,0.120664,0.064764,1.08571,2.03841,2.94536,0.948664,1.92459,4.00791,4.77115,6.86678,7.26744,6.79636,6.20767,0.279687,0.37853,4.48201,4.88267,4.41159,3.8229
"10941",1.87459,4.60745,68.6068,-2.80108,-0.176303,0.234438,0.31208,0.499743,0.430384,2.68629,0.279192,0.178076,0.403918,0.196116,0.178459,1.90933,1.94823,0.331406,1.80977,1.18992,2.9721,4.55979,6.93977,7.09392,6.90049,6.12317,0.347459,0.403547,4.75818,4.91233,4.7189,3.94158
"3928",1.80949,4.28933,72.2249,-3.00506,0.691325,0.235353,0.304474,0.48668,0.524529,2.25729,0.259027,0.20556,0.388803,0.16673,0.058512,0.300272,0.785415,0.208267,1.5109,1.69683,2.93771,5.24138,6.79474,7.03011,7.02944,6.37634,0.521308,0.426081,5.38086,5.61623,5.61556,4.96246
"15912",1.66637,4.43405,89.9294,-0.340206,0.69546,0.229696,0.29767,0.453678,0.412808,2.55648,0.244268,0.192469,0.311629,0.118446,0.135373,2.10421,1.54052,0.284007,2.57464,0.860086,3.84253,4.50581,6.8293,7.24286,6.89971,6.61421,0.285165,0.316301,4.77054,5.1841,4.84095,4.55545
"10430",2.79667,4.23355,59.7595,-2.23875,-0.180899,0.21928,0.296096,0.46187,0.343972,2.43104,0.293138,0.203987,0.420697,0.189102,0.200679,0.813681,0.87616,0.100266,3.31494,2.28861,2.35079,4.75633,6.83172,6.99126,6.95195,6.09209,0.580698,0.369842,2.4079,2.56744,2.52813,1.66827
"16680",1.57001,3.79897,65.9241,-1.77145,-0.0215295,0.221268,0.303008,0.480403,0.461204,2.36831,0.309937,0.166378,0.435218,0.165124,0.179443,0.17388,1.54922,1.30008,1.76416,0.607493,2.98317,5.09451,6.75262,7.03232,6.93341,5.96484,0.397375,0.435539,6.035133,6.314833,6.215923,5.247353
"6030",1.72659,3.93597,42.0704,-2.36812,0.616263,0.200474,0.267396,0.408032,0.684962,2.26527,0.365194,0.185894,0.356732,0.148423,0.153743,0.426045,1.0988,1.05025,2.06671,2.41702,2.07111,4.90872,6.60352,6.6344,6.70854,5.65662,0.70241,0.821831,5.47764,5.50852,5.58266,4.53074
"16659",2.09661,5.59848,43.8394,-1.93327,0.788481,0.218937,0.298886,0.461594,0.414552,2.77474,0.250382,0.209405,0.413695,0.201367,0.0837706,0.683603,2.13217,1.27582,2.02226,1.53042,2.57243,4.77668,6.62232,6.84636,7.01628,6.04895,0.532223,0.52431,4.49832,4.72236,4.89228,3.92495
"17951",1.40381,4.08665,80.6273,-1.93469,-0.0812783,0.222559,0.300115,0.46104,0.365215,2.25309,0.215436,0.205557,0.3979,0.126176,0.175594,1.67081,1.38008,1.03317,3.73692,2.61657,3.41069,4.74931,6.87484,7.29754,6.93422,6.22688,0.352928,0.256602,6.255721,6.678421,6.315101,5.607761
"1860",1.32975,3.71352,54.8831,-1.33666,0.407917,0.235444,0.29827,0.471573,0.296718,2.02285,0.370068,0.155885,0.413629,0.18693,0.202147,1.21548,2.37334,2.36535,1.78892,1.11886,3.2171,4.62117,6.75923,7.12733,6.69762,6.33476,0.435835,0.336617,5.53297,5.90107,5.47136,5.1085
"7457",1.66458,3.8038,82.6654,-2.09704,0.472587,0.220481,0.295921,0.460757,0.399947,2.50902,0.218451,0.203964,0.415443,0.173978,0.159277,1.31252,0.306978,0.256479,3.24369,0.906526,2.26119,4.60572,6.81681,6.9062,6.86112,6.56553,0.57172,0.442458,3.11219,3.20158,3.1565,2.86091
"14127",1.88792,4.58776,102.863,-2.3604,0.431457,0.228377,0.31102,0.478039,0.542838,2.45038,0.242607,0.190535,0.355461,0.219359,0.1554,0.157534,1.53343,1.19219,1.18914,1.01501,4.41407,5.3386,6.9331,7.27231,6.93667,6.13306,0.352318,0.336784,6.613232,6.952442,6.616802,5.813192
"12821",2.17135,4.42117,80.3701,-1.4325,0.269542,0.22809,0.292183,0.476017,0.399772,2.59435,0.312716,0.225505,0.470791,0.231758,0.315198,1.03955,1.61403,0.642439,2.80481,0.924446,3.52555,4.91044,6.88443,7.21039,7.01316,5.9449,0.408562,0.389721,5.04059,5.36655,5.16932,4.10106
"9240",1.25458,3.69413,98.6178,-2.40329,0.735111,0.235716,0.302747,0.47372,0.511888,2.33105,0.229131,0.183618,0.374301,0.166779,0.141164,1.54207,0.233228,3.00259,2.16602,0.478565,3.09164,4.83983,6.82718,7.09031,6.71045,6.00945,0.275647,0.382055,5.14001,5.40314,5.02328,4.32228
"15027",1.37775,4.12955,70.9328,-2.18064,0.612536,0.229341,0.290315,0.459655,0.361625,2.29573,0.315216,0.178656,0.412978,0.13904,0.235062,1.49506,1.1137,1.27667,2.00819,0.87647,2.68142,4.65603,6.84443,7.01605,7.01836,6.01833,0.4971,0.56335,5.2279,5.39952,5.40183,4.4018
"12670",1.8724,4.45582,77.5682,-1.75348,0.0212565,0.242237,0.305841,0.482567,0.464904,2.29237,0.26592,0.22429,0.366174,0.171874,0.173596,0.589553,1.99815,1.27002,1.88647,1.52559,3.0514,4.92031,6.89028,7.09652,6.63301,6.69001,0.441855,0.34804,6.566946,6.773186,6.309676,6.366676
"15007",2.16647,4.44115,90.1501,-1.54046,0.0794539,0.234969,0.301988,0.478038,0.457559,2.5515,0.223453,0.172512,0.415886,0.147116,0.246525,0.814165,0.70007,0.724833,1.91401,0.291655,3.49908,4.85688,6.85492,7.18685,6.95055,6.2192,0.375712,0.430095,4.47906,4.81099,4.57469,3.84334
"13491",1.99558,5.04849,97.9101,-2.26291,0.259863,0.229228,0.300229,0.466112,0.630308,2.28003,0.194501,0.162946,0.377483,0.11501,0.084744,0.94716,1.09214,1.93965,2.71961,0.216869,3.40182,4.86834,6.88167,7.28404,6.94171,6.21899,0.379027,0.41933,4.38267,4.78504,4.44271,3.71999
"6220",1.23182,4.67759,64.3744,-2.74897,0.396586,0.231842,0.299127,0.484502,0.56029,2.47144,0.239361,0.157802,0.387333,0.160612,0.229306,0.0150123,0.97134,2.34185,2.14416,1.29377,1.97971,5.78374,6.61949,6.86498,7.10244,5.92466,0.656761,0.457126,3.93883,4.18432,4.42178,3.244
"9354",2.29278,3.62553,64.3632,-1.87257,0.407065,0.228091,0.292417,0.461583,0.465467,2.40921,0.27943,0.167522,0.374817,0.142814,0.18119,0.350627,0.303112,0.052015,2.7992,0.0100053,2.91298,4.90653,6.82031,7.07313,6.82945,6.00725,0.449415,0.496416,5.62162,5.87444,5.63076,4.80856
"10253",2.02416,3.2264,71.8871,-1.71421,0.500605,0.223487,0.306195,0.480534,0.386406,2.62313,0.29504,0.16536,0.436704,0.15317,0.0832064,0.306247,0.754391,0.865819,0.770743,2.0068,3.02737,4.95183,6.66993,6.92654,6.69566,6.04724,0.311584,0.407472,4.98904,5.24565,5.01477,4.36635
"5274",1.97289,4.46859,53.196,-2.51205,-0.180265,0.221237,0.28879,0.438387,0.376693,2.57238,0.272755,0.161907,0.400959,0.145719,0.0785118,0.25415,1.51597,0.0320144,1.59681,1.77603,2.04154,5.20691,6.62944,6.62521,7.07605,6.04432,0.675242,0.853806,5.00218,4.99795,5.44879,4.41706
"18276",2.6529,5.60195,62.6269,-2.00408,0.476125,0.218368,0.286535,0.438762,0.38667,2.53126,0.224552,0.135608,0.399668,0.151833,0.209482,1.22033,0.0638098,1.0397,2.06232,2.03904,1.61402,4.49598,6.83206,6.68277,6.89422,6.18696,0.641063,0.772788,5.835094,5.685804,5.897254,5.189994
"13220",1.50767,3.96067,100.158,-2.1126,0.536556,0.244087,0.313035,0.495657,0.539267,2.55102,0.321542,0.174674,0.406685,0.17742,0.0731912,0.541846,1.95934,1.85225,1.0017,0.883438,3.02895,5.01236,6.85818,7.34872,6.7583,5.90239,0.364112,0.214645,3.83171,4.32225,3.73183,2.87592
"11116",2.42072,3.50403,75.8693,-1.33213,0.205443,0.234639,0.308451,0.497562,0.52096,2.67344,0.294643,0.175031,0.422718,0.173523,0.103426,0.631828,1.23892,0.83677,0.834344,0.417609,3.31168,4.94356,6.81097,7.28886,6.8767,6.1614,0.430507,0.305599,5.44864,5.92653,5.51437,4.79907
"16081",2.5461,5.15641,85.5278,-1.37343,0.800825,0.214775,0.285455,0.451607,0.473185,2.54283,0.292924,0.200859,0.50358,0.217723,0.125319,0.0497481,1.1771,0.155324,2.33857,0.607664,2.55961,5.34842,6.79447,6.95462,6.97231,6.01849,0.553938,0.486775,3.80377,3.96392,3.98161,3.02779
"2567",1.89691,4.12818,57.7383,-1.59528,0.87611,0.228166,0.300838,0.477525,0.627962,2.59399,0.23278,0.18054,0.428991,0.177951,0.151797,0.23555,0.870203,0.639845,3.24468,2.79076,2.79183,4.95961,6.6184,7.00791,6.80749,5.64837,0.492532,0.394442,6.337666,6.727176,6.526756,5.367636
"7708",1.97879,4.21646,74.5568,-2.10541,0.87452,0.220977,0.288484,0.436567,0.641058,2.36317,0.135096,0.254295,0.347581,0.137982,0.156327,0.756138,0.981996,1.38993,2.61276,0.563612,2.22129,4.65913,6.65619,6.75928,7.04927,5.8622,0.497131,0.841762,5.858229,5.961319,6.251309,5.064239
"10791",3.30158,4.75926,44.4994,-2.52482,-0.0135725,0.217881,0.299287,0.466789,0.352698,2.30777,0.221091,0.155995,0.472614,0.148236,0.0503596,0.541992,1.1171,0.351848,2.64662,0.892149,2.18892,4.74819,6.45088,6.94064,6.96282,6.0058,0.585812,0.531711,5.478656,5.968416,5.990596,5.033576
"6604",2.26626,4.70869,94.9522,-1.41881,0.418347,0.219478,0.28475,0.433067,0.533805,2.32472,0.260465,0.189634,0.448033,0.148363,0.0853369,0.60268,0.219098,0.674053,3.44073,0.650298,1.96035,4.61078,6.84347,6.80003,6.95145,6.39878,0.583351,0.917505,5.884989,5.841549,5.992969,5.440299
"15349",2.29951,4.20927,88.844,-1.99349,0.288257,0.228051,0.286228,0.445972,0.395252,2.209,0.202564,0.184136,0.429347,0.157453,0.090473,0.838796,1.68779,0.910461,2.14441,0.388008,3.88205,4.80522,6.89662,7.27855,7.01378,6.3444,0.335356,0.335731,6.32462,6.70655,6.44178,5.7724
